{"mean": [114.04667168510893, 0.0784397782838294, -136.80325613831408, 0.006194673624377748, 0.04894200532372018, 0.039224150876008584, 140.45460213853454], "scale": [25.291149171523188, 0.06221332585470212, 11.219194544358528, 4.870619531052396, 0.12145675502998382, 0.040686911967482725, 7.158516825174819]}