{
  "model_type": "LogisticRegression",
  "coefficients": [
    [
      0.1362064417837971,
      -8.188521531934242,
      -0.707674535055874,
      1.8496230710211206,
      1.6169821954937977,
      3.139219706885145,
      0.6967455628051167,
      -3.4224491479283596,
      -0.9171231161396809,
      0.47027387826399786,
      1.9419241674951613,
      -1.0847687578502976,
      -0.2269866572670021,
      3.0270183069751115,
      0.7206954590265074,
      2.3589747680977116,
      -1.2962681580509101,
      3.7070964601961034,
      -0.6825832314800734,
      -6.39072673760123,
      -0.5316775621076966,
      -0.11035619514171163,
      -2.5993580191499865,
      3.458456721145988,
      -0.1343794726653296,
      -0.13929220070123544,
      -2.2059841919609036,
      4.816926014684502,
      -0.42856099042295065,
      2.9152455958054597,
      0.2631579757704802,
      -0.4074694818252955,
      2.059123995476189,
      3.297776059297229,
      -0.27565852805023766,
      1.8157659464927043,
      -0.24135241917590777,
      3.3642799963384338,
      0.6038050683186228,
      4.2886247060685205,
      0.7798518276647095,
      3.4063051282569554,
      0.4071341955523524,
      3.971004713304844,
      1.4489626761716714,
      -4.976413700450765,
      0.40544457267633466,
      1.5913972991793337,
      -1.9403502437154918,
      -6.079689701771449,
      1.145723842321548,
      0.49567388217647523
    ]
  ],
  "intercept": [
    -1.9870284242989409
  ],
  "classes": [
    0,
    1
  ]
}