{
  "mean": [
    0.49772840006005875,
    0.24874710659592356,
    -0.032062305927400496,
    0.9990705233854307,
    0.5059655036794748,
    0.3094737807708517,
    0.0004859399867567577,
    0.9993762364619775,
    0.49023273918392934,
    0.309682192707854,
    0.00507938090958873,
    0.9995676966865018,
    0.5038445991127284,
    0.5611571067148391,
    -0.0006600323701583427,
    0.9985764311512871,
    0.4943526913871018,
    0.5606164610284455,
    0.0006243350874072912,
    0.9984786167111195,
    0.4784805440698081,
    0.7039541608028709,
    -4.3825899357073685e-05,
    0.8553374319494715,
    0.5180601995709426,
    0.7028691778055659,
    -0.008163845017308649,
    0.8619981772183253,
    0.46551458798174006,
    0.8448502761832145,
    0.05315180649528314,
    0.9045497514666037,
    0.5324387562019585,
    0.8482718109734741,
    0.035471909299851556,
    0.9131785212145864,
    0.46497395396792274,
    0.8633734203595231,
    0.056499670957598086,
    0.9130705219522958,
    0.5328907866127124,
    0.8686650235048482,
    0.038474810888660296,
    0.9148749784264766,
    0.45747116259189907,
    0.8892880382654672,
    0.01205282556705332,
    0.9309608670165807,
    0.5392201947935905,
    0.8924393639423198,
    -0.0033731032548438675,
    0.9281796685529287
  ],
  "scale": [
    0.09278379885263692,
    0.12700041234201323,
    0.06829206590776861,
    0.0038012790544881413,
    0.06672009145861167,
    0.12373699754564486,
    0.1649514214463761,
    0.0017146359630523412,
    0.06966003752727178,
    0.12449272794127271,
    0.17872528353262354,
    0.0009127821712440263,
    0.06281297271231183,
    0.10884699514297784,
    0.10665239409553147,
    0.0038944698226743213,
    0.06510486065893609,
    0.10918024198245767,
    0.10665224983786625,
    0.002830005846691042,
    0.08471798636118627,
    0.0881677103983408,
    0.12993745942374518,
    0.23519850510066864,
    0.08507752452360072,
    0.09028017841155901,
    0.1461653511874479,
    0.228371191078741,
    0.1115266480449279,
    0.058811294621715984,
    0.18825297120494108,
    0.17519197217195434,
    0.11194524803795074,
    0.060231086167890205,
    0.15946749724568177,
    0.16872720882655443,
    0.11657936051275569,
    0.069193887746634,
    0.19560548133245112,
    0.1403120111409577,
    0.11618614907990552,
    0.06915386752684388,
    0.16169741099054005,
    0.14024001363784852,
    0.12825781232847125,
    0.055645710662781886,
    0.21193860389799493,
    0.11212727152008006,
    0.12966629430601795,
    0.05860572897256291,
    0.18233224994898362,
    0.12428185173832912
  ],
  "n_features": 52
}