{
  "mean": [
    103.14436403193291,
    105.2355204878164,
    0.16739008614111892,
    1.498808369061899,
    1.6102421694136106,
    89.10009905303815,
    8.81375081377227
  ],
  "scale": [
    53.783302994348446,
    54.48316321028718,
    0.09904200760001253,
    2.253419139096444,
    2.1568492586884918,
    3.3438089510371514,
    15.680912349377326
  ]
}